{
  "generated_at": "2026-03-08T07:28:53.203999+00:00",
  "repo_root": "/Users/aaronr/Desktop/AI2",
  "checkpoint": {
    "exists": true,
    "path": "/Users/aaronr/Desktop/AI2/checkpoints/best.pt",
    "epoch": 3,
    "best_score": 0.04116797537691037,
    "metrics": {
      "building_iou": 0.32095522371451735,
      "building_dice": 0.4859441379276936,
      "building_precision": 0.35584484919440706,
      "building_recall": 0.7659983129881629,
      "building_accuracy": 0.5875547110284453,
      "road_iou": 0.039575733423254565,
      "road_dice": 0.07613824015097828,
      "road_precision": 0.11900811209439174,
      "road_recall": 0.0559746791536586,
      "road_accuracy": 0.9179478193988606,
      "road_centerline_iou": 0.05094551306680798,
      "road_centerline_dice": 0.09695176854248466,
      "road_centerline_precision": 0.2219883667533987,
      "road_centerline_recall": 0.06201906757576593,
      "road_centerline_accuracy": 0.8904437000200048,
      "waterbody_iou": 0.0,
      "waterbody_dice": 0.0,
      "waterbody_precision": 0.0,
      "waterbody_recall": 0.0,
      "waterbody_accuracy": 0.9104721098789389,
      "waterbody_line_iou": 0.0,
      "waterbody_line_dice": 0.0,
      "waterbody_line_precision": 0.0,
      "waterbody_line_recall": 0.0,
      "waterbody_line_accuracy": 0.9785075885784722,
      "waterbody_point_iou": 0.0,
      "waterbody_point_dice": 0.0,
      "waterbody_point_precision": 0.0,
      "waterbody_point_recall": 0.0,
      "waterbody_point_accuracy": 0.8999364351794271,
      "utility_line_iou": 0.0,
      "utility_line_dice": 0.0,
      "utility_line_precision": 0.0,
      "utility_line_recall": 0.0,
      "utility_line_accuracy": 0.9978668950629626,
      "utility_point_iou": 0.00020328356452379735,
      "utility_point_dice": 0.0004064844974300335,
      "utility_point_precision": 0.0018884802703499212,
      "utility_point_recall": 0.00022775357063655756,
      "utility_point_accuracy": 0.984210765535363,
      "bridge_iou": 0.0,
      "bridge_dice": 0.0,
      "bridge_precision": 0.0,
      "bridge_recall": 0.0,
      "bridge_accuracy": 0.9999999999999992,
      "railway_iou": 0.0,
      "railway_dice": 0.0,
      "railway_precision": 0.0,
      "railway_recall": 0.0,
      "railway_accuracy": 0.9999999999999992,
      "roof_type_accuracy": 0.0,
      "roof_Background_acc": 0.0,
      "roof_RCC_acc": 0.0,
      "roof_Tiled_acc": 0.0,
      "roof_Tin_acc": 0.0,
      "roof_Others_acc": 0.0,
      "avg_iou": 0.04116797537691037,
      "avg_dice": 0.06594406311185866,
      "val_loss": 2.7608014742533364
    }
  },
  "env": {
    "python": "3.14.3",
    "platform": "macOS-26.3.1-arm64-arm-64bit-Mach-O",
    "torch": "2.10.0",
    "numpy": "2.4.2",
    "rasterio": "1.4.4",
    "geopandas": "1.1.2",
    "streamlit": "1.55.0",
    "albumentations": "2.0.8",
    "ultralytics": "8.4.21"
  },
  "git": {
    "branch": "main",
    "commit": "aeef54edcdf9fafb345639162dedae6de5c35e56",
    "status_short": "M dgx.ipynb\n M models/model.py\n M models/sam2_encoder.py\n M requirements.txt\n M scripts/calibrate_thresholds.py\n M scripts/class_balance_analysis.py\n M scripts/optuna_hyperparameter_search.py\n M scripts/train_kfold.py\n M train.py\n M training/config.py\n?? notebooks/\n?? reports/\n?? scripts/generate_project_pdfs.py"
  }
}